{"_step":3000,"_timestamp":1.7756345548758798e+09,"train/update_s":0.18266122999921208,"_runtime":666.627824741,"train/epochs":0.0630901558326849,"train/samples":3000,"train/loss":0.04789526015520096,"train/episodes":3.2175979474669303,"train/lr":2.5e-06,"train/grad_norm":0.7296925187110901,"_wandb":{"runtime":666},"train/steps":3000,"train/dataloading_s":0.001574706000610604}