{
  "observation.state": {
    "min": [
      -1.4448250532150269,
      0.23733744025230408,
      -0.2743140161037445,
      -1.359895944595337,
      -0.7215051651000977,
      0.47842663526535034,
      -0.1823350489139557,
      19.22,
      145.88,
      133.41,
      140.57,
      137.52,
      1.86,
      0.10934169590473175,
      -1.5045040845870972,
      -1.2205053567886353,
      0.34470728039741516,
      -1.5006128549575806,
      -1.4775787591934204,
      -0.2364649474620819,
      2.8000000000000003,
      125.82000000000001,
      105.8,
      108.47,
      99.74000000000001,
      1.25
    ],
    "max": [
      0.0021987000945955515,
      0.8609655499458313,
      1.2723493576049805,
      -0.9576210975646973,
      0.7140190601348877,
      1.4860244989395142,
      1.0026943683624268,
      36.01,
      169.98,
      170.02,
      170.05,
      169.95000000000002,
      20.580000000000002,
      1.8421790599822998,
      -0.3170839548110962,
      0.44500991702079773,
      1.4347565174102783,
      0.09222324937582016,
      -0.11651364713907242,
      1.2776192426681519,
      36.12,
      170.28,
      170.62,
      170.19,
      170.36,
      86.54
    ],
    "mean": [
      -0.6688812637648905,
      0.54097205444057,
      0.44412984863522925,
      -1.1957896753005888,
      -0.20804075425144922,
      0.764424653074568,
      0.565144483934418,
      30.569493806648385,
      159.60722550523937,
      149.60003953649587,
      153.25033143360824,
      147.45460242687636,
      6.517879960462472,
      0.8324330586348795,
      -0.9556511566680612,
      -0.36288251333092153,
      1.0054370024273647,
      -0.6385035501001106,
      -0.7567334334019336,
      0.5882675462429093,
      24.96504889487083,
      159.9564646379661,
      141.6854589808605,
      141.02560219552842,
      140.02792433388407,
      39.68067443376552
    ],
    "std": [
      0.2560525557010046,
      0.09767271523690577,
      0.2228879801760486,
      0.08632484623922429,
      0.2738316384169108,
      0.20607123979507067,
      0.223602283241405,
      3.327561049387466,
      3.92047989105927,
      5.808713603554375,
      4.840481401258256,
      5.616292099306337,
      4.459768475701488,
      0.29595967609065205,
      0.2818092605398104,
      0.28537101956591365,
      0.2837999457092339,
      0.2981912189529475,
      0.3013443462971004,
      0.26572880501673174,
      8.112366068010907,
      11.548899673541259,
      27.362078355896724,
      26.24139004245482,
      28.857830920657978,
      25.564761713015972
    ],
    "q01": [
      -1.147756278514862,
      0.29379692673683167,
      -0.1251252293586731,
      -1.348143458366394,
      -0.5548925399780273,
      0.5150890946388245,
      -0.17390669882297516,
      22.86,
      152.29,
      136.48,
      141.19,
      139.41,
      1.99,
      0.3019286096096039,
      -1.431990623474121,
      -1.0491551160812378,
      0.4157288074493408,
      -1.3201885223388672,
      -1.4667598009109497,
      -0.01941312476992607,
      3.0,
      131.66,
      106.33,
      108.81,
      99.94,
      1.99
    ],
    "q10": [
      -1.0283982753753662,
      0.4143502712249756,
      0.1574164479970932,
      -1.3028171062469482,
      -0.4031298756599426,
      0.6084989309310913,
      0.31200599670410156,
      25.89,
      154.61,
      143.28,
      147.97,
      141.44,
      1.99,
      0.4818991720676422,
      -1.3099017143249512,
      -0.7288690805435181,
      0.5155078768730164,
      -1.0460577011108398,
      -1.105789065361023,
      0.22971178591251373,
      12.1,
      139.16,
      106.91,
      109.23,
      103.65,
      3.47
    ],
    "q50": [
      -0.6729068756103516,
      0.550128698348999,
      0.452216774225235,
      -1.200158715248108,
      -0.273232102394104,
      0.7126754522323608,
      0.6211153268814087,
      30.35,
      159.45000000000002,
      149.33,
      152.95000000000002,
      146.91,
      5.42,
      0.8058061003684998,
      -1.00065279006958,
      -0.34769123792648315,
      1.0746582746505737,
      -0.6335222721099854,
      -0.7453418970108032,
      0.5887106657028198,
      26.580000000000002,
      163.74,
      157.43,
      155.28,
      156.22,
      32.71
    ],
    "q90": [
      -0.3089173436164856,
      0.6623496413230896,
      0.7162701487541199,
      -1.0788637399673462,
      0.1057993546128273,
      0.9664857387542725,
      0.7448183298110962,
      36.0,
      164.81,
      155.37,
      157.67000000000002,
      152.22,
      13.07,
      1.1999143362045288,
      -0.5619423389434814,
      0.006491400301456451,
      1.3178938627243042,
      -0.2623782157897949,
      -0.3645305037498474,
      0.9379549622535706,
      34.38,
      169.97,
      170.01,
      170.02,
      169.95000000000002,
      85.97
    ],
    "q99": [
      -0.10225699841976166,
      0.8152203857898712,
      0.9254956245422363,
      -0.9922942519187927,
      0.7127452492713928,
      1.4824997186660767,
      0.8560707867145538,
      36.0,
      169.97,
      170.01,
      170.02,
      169.95000000000002,
      18.560000000000002,
      1.605906069278717,
      -0.40420307219028473,
      0.2045401856303215,
      1.382327914237976,
      -0.08339355140924454,
      -0.19297954440116882,
      1.1150724291801453,
      36.0,
      169.99,
      170.03,
      170.03,
      169.97,
      86.01
    ]
  },
  "action": {
    "min": [
      -1.4448250532150269,
      0.23733744025230408,
      -0.2743140161037445,
      -1.359895944595337,
      -0.7215051651000977,
      0.47842663526535034,
      -0.1823350489139557,
      19.22,
      145.88,
      133.41,
      140.57,
      137.52,
      1.86,
      0.10934169590473175,
      -1.5045040845870972,
      -1.2205053567886353,
      0.34470728039741516,
      -1.5006128549575806,
      -1.4775787591934204,
      -0.2364649474620819,
      2.8000000000000003,
      125.82000000000001,
      105.8,
      108.47,
      99.74000000000001,
      1.25
    ],
    "max": [
      0.0021987000945955515,
      0.8609655499458313,
      1.2723493576049805,
      -0.9576210975646973,
      0.7140190601348877,
      1.4860244989395142,
      1.0026943683624268,
      36.01,
      169.98,
      170.02,
      170.05,
      169.95000000000002,
      20.580000000000002,
      1.8421790599822998,
      -0.3170839548110962,
      0.44500991702079773,
      1.4347565174102783,
      0.09222324937582016,
      -0.11651364713907242,
      1.2776192426681519,
      36.12,
      170.28,
      170.62,
      170.19,
      170.36,
      86.54
    ],
    "mean": [
      -0.6685149800117576,
      0.5409121312047,
      0.444416222256101,
      -1.195640801858211,
      -0.2091451853783722,
      0.7635950989923613,
      0.5659935489514197,
      30.562959979809833,
      159.59370696724866,
      149.57454417362248,
      153.231415112185,
      147.42918193098765,
      6.52316775672334,
      0.8328175343929868,
      -0.9556192515442964,
      -0.3634536378064093,
      1.0054087971574774,
      -0.638534996136745,
      -0.7560342752282126,
      0.5888613952367818,
      24.938059346806572,
      159.94772076296877,
      141.6762484490106,
      141.01464238395778,
      140.0210849403907,
      39.694107169144374
    ],