{"train/dataloading_s":0.0016426191010395995,"_timestamp":1.7757039654898865e+09,"_step":50,"train/samples":50,"train/steps":50,"train/episodes":0.053626632457782174,"train/loss":0.07091505080461502,"train/lr":3.1217801854802075e-06,"train/epochs":0.001051502597211415,"train/grad_norm":2.4370320200920106,"_wandb":{"runtime":89},"_runtime":89.061701197,"train/update_s":0.20288429599895608}