{
    "extrinsic": {
        "rotation_matrix": [
            [
                0.7115467920186964,
                0.27428230711220764,
                -0.6468928649885597
            ],
            [
                0.04382913740137422,
                -0.9361953166499635,
                -0.34873677150155435
            ],
            [
                -0.7012703968388754,
                0.21978977475733597,
                -0.6781683311903963
            ]
        ],
        "translation_vector": [
            -0.07527791363231875,
            -0.027936848921108745,
            -0.07339960954166952
        ]
    }
}
