{
    "intrinsic": {
        "fx": 650.1834106445312,
        "fy": 649.6280517578125,
        "ppx": 638.4600219726562,
        "ppy": 408.3875732421875,
        "distortion_model": "plumb bob",
        "k1": -0.04916650801897049,
        "k2": 0.05542736127972603,
        "k3": -0.016601264476776123,
        "p1": -0.0010415209690108895,
        "p2": 0.00034238622174598277
    }
}