{
    "extrinsic": {
        "rotation_matrix": [
            [
                0.0023977937112571457,
                0.0070281240536751236,
                -0.9999724276486854
            ],
            [
                0.034844841801540766,
                -0.9993686351171636,
                -0.00694032736155816
            ],
            [
                -0.9993898576557323,
                -0.03482723957401948,
                -0.002641173699324595
            ]
        ],
        "translation_vector": [
            -0.09456392187425336,
            0.07845527900478895,
            -0.0012574331358456727
        ]
    }
}
