{"train/steps":47540,"train/loss":0.027587085962295532,"train/grad_norm":0.7540110036730766,"train/episodes":50.988202140859286,"_step":47540,"_wandb":{"runtime":9137},"train/lr":2.5e-06,"_runtime":9137.699718682,"train/dataloading_s":0.001367506200222124,"train/samples":47540,"_timestamp":1.7756438650889065e+09,"train/epochs":0.9997686694286135,"train/update_s":0.18386481129982712}