{"_timestamp":1.7757066330832305e+09,"train/lr":3.1217801854802075e-06,"train/epochs":0.001051502597211415,"train/samples":50,"train/steps":50,"train/episodes":0.053626632457782174,"_runtime":87.896219165,"train/loss":0.07091505080461502,"train/update_s":0.20382761530054266,"train/dataloading_s":0.0015980896961991676,"train/grad_norm":2.4370320200920106,"_step":50,"_wandb":{"runtime":87}}