{
    "intrinsic": {
        "fx": 434.8416748046875,
        "fy": 434.2650146484375,
        "ppx": 425.13458251953125,
        "ppy": 243.9337158203125,
        "distortion_model": "plumb bob",
        "k1": -0.05397232621908188,
        "k2": 0.060204099863767624,
        "k3": -0.02002721093595028,
        "p1": -0.001119724358431995,
        "p2": -0.00015698366041760892
    }
}