{
    "intrinsic": {
        "fu": 472.417,
        "fv": 472.202,
        "pu": 961.103,
        "pv": 762.75,
        "distortion_model": "equidistant",
        "k1": 0.102607,
        "k2": -0.0497068,
        "k3": 0.0147435,
        "k4": -0.00189362
    }
}